algorithm,volume,target,MAE,RMSE,R2
LinearRegression,With volume,Absorbance,0.14343582766090615,0.18037437978167728,0.8791534334418246
LinearRegression,With volume,Colour (RGB),22.531810422987103,39.6705566151669,0.027902877172378344
Ridge,With volume,Absorbance,0.14401334051598058,0.18099385649508956,0.8783219385682419
Ridge,With volume,Colour (RGB),22.489192654651333,39.644572109255535,0.029605096384409262
kNN,With volume,Absorbance,0.08566666666666671,0.12135256257881188,0.9453006056478988
kNN,With volume,Colour (RGB),18.425925925925927,39.273466681529214,0.06872770195453844
DecisionTree,With volume,Absorbance,0.11050925925925927,0.13146976017132675,0.9357998037347715
DecisionTree,With volume,Colour (RGB),17.09259259259259,32.66846177985319,0.22911076738127767
RandomForest,With volume,Absorbance,0.1106221747735287,0.12862438767405693,0.9385486745119284
RandomForest,With volume,Colour (RGB),17.001771164021154,32.57722989187412,0.2856049898018604
ExtraTrees,With volume,Absorbance,0.07749549991309435,0.09916822224264395,0.9634716824114907
ExtraTrees,With volume,Colour (RGB),17.554617796532618,34.31059872778792,0.2344842774782021
GradientBoosting,With volume,Absorbance,0.05934476302040004,0.0798935389301428,0.976291289580157
GradientBoosting,With volume,Colour (RGB),17.006802947241557,35.16151950601777,0.18742665742511136
HistGradientBoosting,With volume,Absorbance,0.15137907284613472,0.17904961375531586,0.8809220384959502
HistGradientBoosting,With volume,Colour (RGB),22.023635696615333,39.58912647956647,0.03691073108503603
SVR,With volume,Absorbance,0.05730518797562873,0.07238361458025741,0.9805390002425359
SVR,With volume,Colour (RGB),18.697959409060818,39.3033104712939,0.0760426069390449
LinearRegression,Without volume,Absorbance,0.14117213351799934,0.18116103988584692,0.8780970475530823
LinearRegression,Without volume,Colour (RGB),25.18063006859055,41.32339309406206,-0.06249320476925128
Ridge,Without volume,Absorbance,0.14212727520790402,0.18200816474496498,0.8769543243241515
Ridge,Without volume,Colour (RGB),25.200301046122345,41.31129711095186,-0.061710514616202174
kNN,Without volume,Absorbance,0.13000000000000003,0.1632965945075946,0.9009535601159707
kNN,Without volume,Colour (RGB),19.511111111111113,35.36426319197264,0.21298151704531876
DecisionTree,Without volume,Absorbance,0.14731481481481484,0.18590349115788915,0.8716311337182975
DecisionTree,Without volume,Colour (RGB),18.214197530864197,33.51478621536662,0.2486609881420747
RandomForest,Without volume,Absorbance,0.14372110292870655,0.17963127816792773,0.8801471033661679
RandomForest,Without volume,Colour (RGB),20.15789873269734,35.430836366915436,0.18198633983237278
ExtraTrees,Without volume,Absorbance,0.13998252938300848,0.18018374093156272,0.8794087454876311
ExtraTrees,Without volume,Colour (RGB),17.941944127692267,32.642675312476676,0.3225388388961809
GradientBoosting,Without volume,Absorbance,0.15116083730017169,0.19257061674917542,0.8622585479240122
GradientBoosting,Without volume,Colour (RGB),20.080712245587147,36.38667334260067,0.13116495348431667
HistGradientBoosting,Without volume,Absorbance,0.17541212867262956,0.19983952627692697,0.851663715247148
HistGradientBoosting,Without volume,Colour (RGB),23.39227200189663,39.03995051571922,0.05058590956228696
SVR,Without volume,Absorbance,0.11593523858200944,0.13834384950681725,0.9289106854996196
SVR,Without volume,Colour (RGB),19.429179035031254,40.678759171972345,-0.003982525624843543
